weights,,,,
{'weights': array([ 0.90543233,-0.1376416,0.22736019,0.32189169, -0.07707252])}
